<?xml version="1.0" encoding="UTF-8"?>
<Configuration monitorInterval="60">
	<jmxConfigurator />
	<!-- Server Configuration -->

	<Properties>
		<Property name="log-path">/mount_log/digitalidentity</Property>
	</Properties>
	<Appenders>
		<RollingRandomAccessFile name="RollingFile-Appender" fileName="${log-path}/digitalidentity.log"
			filePattern="${log-path}/tpi_%d{yyyy-MM-dd-hh-mm}.log">
			<PatternLayout
				pattern="[%-5level] %d{yyyy-MM-dd HH:mm:ss.SSS} [%t] %x %c{1} - %msg%n" />
			<Policies>
				<SizeBasedTriggeringPolicy size="10MB" />
			</Policies>
		</RollingRandomAccessFile>
	</Appenders>

	<Loggers>
		<AsyncLogger name="org.springframework.web" level="info" additivity="false" includeLocation="true">
			<AppenderRef ref="RollingFile-Appender" />
		</AsyncLogger>
		<AsyncLogger name="org.hibernate" level="info" additivity="false" includeLocation="true">
			<AppenderRef ref="RollingFile-Appender" />
		</AsyncLogger>
		<AsyncLogger name="com.qc" level="info" additivity="false" includeLocation="true">
			<AppenderRef ref="RollingFile-Appender" />
		</AsyncLogger>
		<Root>
			<AppenderRef ref="RollingFile-Appender" />
		</Root>
	</Loggers>



</Configuration>