<beans xmlns="http://www.springframework.org/schema/beans"
	xmlns:xsi="http://www.w3.org/2001/XMLSchema-instance"
	xsi:schemaLocation="http://www.springframework.org/schema/beans
http://www.springframework.org/schema/beans/spring-beans-4.0.xsd">


	<bean id="dataSource" class="com.mchange.v2.c3p0.ComboPooledDataSource">
		<property name="driverClass" value="${jdbc.driverClassName}" />
		<property name="jdbcUrl" value="${jdbc.url}" />
		<property name="user" value="${jdbc.username}" />
		<property name="password" value="${jdbc.password}" />
		<property name="minPoolSize" value="${hibernate.c3p0.min_size}" />
		<property name="acquireIncrement" value="${hibernate.c3p0.acquireIncrement}" />
		<property name="maxPoolSize" value="${hibernate.c3p0.max_size}" />
		<property name="maxStatements" value="${hibernate.c3p0.max_statements}" />
		<property name="preferredTestQuery" value="${hibernate.c3p0.preferredTestQuery}" />
		<property name="checkoutTimeout" value="${hibernate.c3p0.checkoutTimeout}" />
		<property name="idleConnectionTestPeriod" value="${hibernate.c3p0.idleConnectionTestPeriod}" />
		<property name="testConnectionOnCheckin" value="${hibernate.c3p0.testConnectionOnCheckin}" />
		<property name="testConnectionOnCheckout" value="${hibernate.c3p0.testConnectionOnCheckout}" />
		<property name="unreturnedConnectionTimeout"
			value="${hibernate.c3p0.unreturnedConnectionTimeout}" />
		<property name="debugUnreturnedConnectionStackTraces"
			value="${hibernate.c3p0.debugUnreturnedConnectionStackTraces}" />
		
	</bean>
	<bean
		class="org.springframework.dao.annotation.PersistenceExceptionTranslationPostProcessor" />
</beans>