<beans xmlns="http://www.springframework.org/schema/beans"
	xmlns:xsi="http://www.w3.org/2001/XMLSchema-instance" xmlns:tx="http://www.springframework.org/schema/tx"
	xsi:schemaLocation="http://www.springframework.org/schema/beans
	http://www.springframework.org/schema/beans/spring-beans-4.0.xsd
	http://www.springframework.org/schema/tx
	http://www.springframework.org/schema/tx/spring-tx-4.0.xsd">
	<tx:annotation-driven />
	<!-- Hibernate session factory -->
	<bean id="sessionFactory" class="org.springframework.orm.hibernate5.LocalSessionFactoryBean">
	
		<property name="dataSource">
			<ref bean="dataSource" />
		</property>
		
		<property name="hibernateProperties">
			<props>
				<prop key="hibernate.dialect">${hibernate.dialect}</prop>
				<prop key="hibernate.show_sql">${hibernate.show_sql}</prop>
				<prop key="hibernate.generate_statistics">${hibernate.generate_statistics}</prop>
				<prop key="hibernate.hbm2ddl.auto">${hibernate.hbm2ddl.auto}</prop>
				<prop key="hibernate.jdbc.batch_size">${hibernate.jdbc.batch_size}</prop>
				<prop key="hibernate.order_inserts">${hibernate.order_inserts}</prop>
				<prop key="hibernate.order_updates">${hibernate.order_updates}</prop>
				<prop key="org.hibernate.stat">${org.hibernate.stat}</prop>
			</props>
		</property>
		<property name="packagesToScan" value="com.qc"></property>
	</bean>
	
	<bean id="transactionManager" class="org.springframework.orm.hibernate5.HibernateTransactionManager">
		<property name="sessionFactory" ref="sessionFactory" />
	</bean>
</beans>    