<?xml version="1.0" encoding="UTF-8"?>

<beans xmlns="http://www.springframework.org/schema/beans"
	xmlns:context="http://www.springframework.org/schema/context"
	xmlns:xsi="http://www.w3.org/2001/XMLSchema-instance"
	xsi:schemaLocation="http://www.springframework.org/schema/beans     
   http://www.springframework.org/schema/beans/spring-beans-3.0.xsd
   http://www.springframework.org/schema/context 
   http://www.springframework.org/schema/context/spring-context-3.0.xsd">

	<context:component-scan base-package="com.web" />

	<bean
		class="org.springframework.web.servlet.view.InternalResourceViewResolver">
		<property name="prefix" value="/WEB-INF/views/" />
		<property name="suffix" value=".jsp" />
	</bean>

	<!-- <bean id="dataSource"
		class="org.springframework.jdbc.datasource.DriverManagerDataSource">
		<property name="connection.url" value="jdbc:oracle:thin:@localhost:1521:xe"></property>
		<property name="connection.username" value="system"></property>
		<property name="connection.password" value="pass@123"></property>
		<property name="connection.driver_class" value="oracle.jdbc.driver.OracleDriver"></property>
	</bean>

	<bean id="hibernateProperties">
		<property name="hibernate.dialect" value="org.hibernate.dialect.Oracle10gDialect"></property>
		<property name="hibernate.hbm2ddl.auto" value="update"></property>
		<property name="hibernate.show_sql" value="true"></property>
		<property name="hibernate.format_sql" value="true"></property>
	</bean> -->
	<!-- <bean id="hibernateTemplate" class="org.springframework.orm.hibernate3.HibernateTemplate"> 
		<property name="sessionFactory" ref="datasource"></property> <property name="checkWriteOperations" 
		value="false"></property> </bean> -->

</beans>